0HoNd3A59Et8UkCurlYndL,LIVE_CAPTURE_PUMP_AREA,
1bmJu1qAHDHAGkvHPGsWo7,LIVE_CAPTURE_PUMP_AREA_EXT,
0fSq4ms1D9BfExeddUUZT$,LIVE_COMPL_MOD_18,
1$wkH$i2z4jO3mWH4SHkvn,LIVE_COMPL_MOD_26,
1z9V0$sH9FbRS$WAHCpBYS,LIVE_COMPL_MOD_33,
05VczNU_X0B8QeBxvtnEW5,LIVE_COMPL_MOD_40,
25paHlwgX9QO50TxAASUw1,LIVE_COMPL_MOD_EXT,
1w620ng65A5P5L1Qf1Mmyq,LIVE_COMPR_AREA,
1nVB_NzvHETeqWyj60DJqp,LIVE_COMPR_AREA_EXT_15,
1Vl7uQPGLEdBykvS1zwrJR,LIVE_COMPR_AREA_EXT_22,
3_bwDUxo1BiQzS$tVMCJso,LIVE_COMPR_MOD,
3ciohTWUT4qQrnFAzAUkjG,LIVE_FIRE_PUMP_AREA_EXT,
1L$L1Bv$vECPdmgZvWWcQ7,LIVE_FIRE_PUMP_AREA_WORK,
3hh_vszzL6jQhgOieDSrS6,LIVE_GEN_MOD_18,
0$Vc4APXn4Sx_Q4BVCI95M,LIVE_GEN_MOD_25,
2OkbNKKYr7ogWQS5844TV0,LIVE_GEN_MOD_ELEC_CONT,
02zvsGzXD7tR29mgYD6nu9,MB122303B_dry,
04OSTRSOP8O9od8ElzpZ63,MB122303C_dry,
2aJk9zlnPAc8WdQGwczD_F,MB122304A_dry,
0hSv7ZLuj4PxzqELMThf2Y,MB122304B_dry,
1xJY5Nld51M9gv4l8k1Wht,TD5133201_dry,
3_jPz0zVDDSuU78h69HJe7,TF206_dry,
3n0fIS3vX8xPVgKCDy8I0G,TF207A_dry,
1TINCAbnn42PwaPX_ZlesA,TF207B_dry,
2B$7tAJP54W9i3zdafrzfS,TF208_dry,
2Epu0c3S12neCsf9hCqHGZ,TF514209A_dry,
1J4HKszNbB5OFHrx_pxVYm,TF514209B_dry,
2wPKIxKwjEs8Kk3byyNvBV,TQ513306AB_dry,
3U2h8LKOrAN9tiB8iv2SKW,TQGE514004A_dry,
38LclpvtP16RH$DQ2Hf0Td,TQGE514004CD_dry,
2pOEZAmInFIBlcbqvFIZoE,TQGE514004_dry,
3zAyirugD6bgK_f4lvEtlE,UD511202_dry,
2of4kzTEL0VAdUm8p6BIWs,UR525250A_dry,
0fwZihkd96K8OxyABGRFul,UR525250B_dry,
3i$JGz1hH6dR0x_b9Nv$u$,VE525103A_dry,
09phn8li9FzAeLPdjCYh2G,VE525103B_dry,
10w_ClDiX1MxPbPrmpA2v7,VE525104A_dry,
1lxrj05irANeC8rXD6RhiQ,VE525104B_dry,
2ay5pvGbP1qf_lXrpCKNMe,VE525105A_dry,
25NHfaPtb5F8dnnTaymi0z,VE525105B_dry,
3ZGWqMbCHCr8j0P0wx5O1$,VE525110A_dry,
1aECA3uwnALOd30eGCSvp$,VE525110B_dry,
3heyQtLZLCcAYDMaSWd3FD,VGE514004A_dry,
1kfvbZ8Jn628hGLFmZypKC,VGE514004_dry,
0tdTH8npP80Ox2EPaH9CJS,B525250A_dry,
1yVRKMOZHCsemvodOa_1ft,B525250B_dry,
1ES4KbQ853oxcD4VztRfQY,DF525141_dry,
1_Fv4FanPCGOCVIg1tf6AA,DF525142_dry,
3l6JgBeaD3YQe4DvTpi$xz,DF525143_dry,
3Qsn1kL$v4K8jE61lnHwXD,DF525144_dry,
2iQ4OPZP90exW9TOdOPbkf,FT525103_dry,
1UlLDOWa53S8o18kkWHCBg,FT525104_dry,
0TOtrNzIj02ftu7tv4DsbV,FT525105_dry,
1BVccQWxX8OAgpDFLpe1wE,FT525110_dry,
0MjyhCwV15Phd4kvR$bz6G,GE514004A_dry,
21hxaUvZ5AlQebHWR2Z8d8,GE514004B_dry,
3B71clVE5EoRsRNPZXFZoc,GE514004C_dry,
0ZAhs4bav9KPrm33vcW57n,GE514004D_dry,
25QsgjNIjDe8$rPPBCfycp,GEN_ELEC_CONT_dry,
02ggjqVnn8G8BRWdrJhAPi,MB122303A_dry,
1HimGmSPb0ABQXUG$9wlGY,E100_dry,
1IbgKveQf0zP1cLDnvHAt9,E200_dry,
3b4tU8mC56ue46j1v870yy,E2300_dry,
2Aj3zAMCP0vPw$1ACC$5LV,E2301_dry,
0HFNMJK$P3Vw5eVLx4Eg_O,F08UC122303_dry,
1KWJhZtUrAw939jmrGDUBL,Oil_treatment_mod_dry,
32F9MNacHD8xT3HbALMS7e,Piperack_ComprM_dry,
3vNEi9igX14wD_Lvqte7o3,Piperack_str_ComprM_dry,
1IkBM9hxjCPv14RnRhG1pb,PUC122303A04_dry,
2$Nbv6TIXB_e1VLVyuU5Yd,PUC122303A05_dry,
3Ga4fP3XP0svvlvZITVork,PUC122303B04_dry,
2G3U_GjcrD5PqEgA7oOW2L,PUC122303B05_dry,
1vLAXogELBsxOfqvTh5SBb,PUC122303_01_dry,
3_bmMUh4vDA96lyg7UTyQY,PUC122303_02_dry,
0umXUem9PAdPwQOybYAEv2,PUC122303_03_dry,
1J2wIGvWT0dfc01oLkxb4Y,PV01UC122303_dry,
1g3Y5K3sr8ZxTeIeJaYX8q,PV02UC122303_dry,
0MbTmH_jv3dfkn$fbWHTBg,PV03UC122303_dry,
263u9eoKj2OwTQ6AwSc4m6,PV04UC122303_dry,
0CcrdhIhX04OofsdPE4y8P,PV05UC122303_dry,
18nEgh3yLBXONOkUGrYLm3,PV06UC122303_dry,
3bSfUM40z9EOM_dIKSHlwn,PV07UC122303_dry,
1UN3nqIWb6bR0rcRH2wNKX,Tower_1_dry,
2jOjqXICTBRw63Ku6J_9T2,Tower_2_dry,
2MI9N5j7n4fxQjwk9h8etf,Tower_diesel_dry,
0aXd2GBFbB9wusWdg$SaL6,TQUQ1261500_dry,
3KAATJU61BdQpcsBcYvTfd,TQUQ1263500_dry,
1mtvY819nESwxMQUNwzVze,UC122301C_dry,
2fvnfvD5fDy92BI6yQun7y,UC122301D_dry,
21jnfQJt19kBemqgm9FKAo,UC122302_dry,
329xccnlD9fgWNDH17SmTM,UC122303_dry,
0NilJXe5X6SBJ1vx9G6PWL,V2100_dry,
1yW4l3wyz3XBe3cB$bumyk,V2200_dry,
3$n2uXBwDAqwOt2cW33zHA,V2300_dry,
0S3V6ksDv6AA4Ii0RMauOC,V2400_dry,
2qP872QBP4TxgHUqgEVQ2K,V531_dry,
1YR$EE8Nv6ABdhRcUls2gt,VUC122302_02_dry,
27gEU$ZUPEWApKLlN7lf5b,VUC122302_03_dry,
0VLARjj1n8xhRmx6PTjgpt,E100_wet,
3zvvQA$ev7l88BE0SAanir,E200_wet,
2GFWnfE55AiO7iwOiIxplc,E2300_wet,
2Uy9uNXebFa91wGEoDCAQR,E2301_wet,
0YkwcolpbFFxIxxaBW4cI8,F08UC122303_wet,
0C1HTwXIDFWgXSazjdw7BY,PUC122303A04_wet,
0O3$OyHr11Dh0$MYWC8PWn,PUC122303A05_wet,
2Ut8QDejvDieYKi51tnV_2,PUC122303B04_wet,
2C$j6jWQz849TKSEj1owCd,PUC122303B05_wet,
3oC6tcK4TEDvwuLAKISS7y,PUC122303_01_wet,
1PG7uyNbn0oAnGb4qGjseb,PUC122303_02_wet,
2BRUijNA15afGJ_hoZqg6$,PUC122303_03_wet,
0uYb1VKf1F9wcASCN7BmwH,PV01UC122303_wet,
3G8TEiY4PECwMcHmCA8ULE,PV02UC122303_wet,
2jT4HXSf91TRPzJewsHh$m,PV03UC122303_wet,
24nqhvmdDDfx_jk8wHF9V2,PV04UC122303_wet,
0osKuPqhX2_f0WJhTy_f35,PV05UC122303_wet,
3IcHwXEDXAAgvjM2tSaNlN,PV06UC122303_wet,
3sG8R$SSX0nO37NWC2aek7,PV07UC122303_wet,
2r4vkVlw1E38ZvZ2rWBm$R,TQUQ1261500_wet,
3Yeb0tjIPErQpHdQEYeFAC,TQUQ1263500_wet,
2TEP3SjdnFC8VIuSEtR0Wz,V2100_wet,
1tFG19u9z6CeRZv9SZRD4l,V2200_wet,
2AhokUvWX6PxSrgBDyvEIB,V2300_wet,
1_4_flSuj0mBgiYP40Ilj4,V2400_wet,
3mr_5t8W1FihhZ1z2rojuh,V531_wet,
1Auo01$CHEuh6ntXLcqMMh,VUC122302_02_wet,
2rrIN32tv1hwY4dw7wu32M,VUC122302_03_wet,
220Smu63f7qBG6AwSo_J4x,B511201A_dry,
3wucwn$gr3mxUkHLcEscCc,B511201B_dry,
10QkaSMcDF6AkSzpTMdION,B511202A_dry,
31ZCfRaqHFlx4qoQYhWS_0,B511202B_dry,
1va$OHsef4BvB$0hUt$mF7,B5331500A_dry,
0a6GfDOtn1Y8hR8OZzhf8D,B5331500B_dry,
1Vwlpt4pjAGgSpO7AB49bR,B5331500C_dry,
2CeTXoL216dwsnjQzAGzk$,B5331500D_dry,
0MDKcAvqrFDein7rylfyea,Batch_mixer_dry,
0jFWC9uOrAVuncAK4oH5pZ,Chemical_basket_dry,
0cuENLQMr5CO_2Jmsyh$7s,CL5331500AB_dry,
3F_bl5yUD6CBN82wYZSp8v,COM_TOWER_dry,
1fGJLRaYf69OHpKqxNZ9xV,Double_pump_dry,
2J2SkaZKLDA9O0yCPals9I,FL5331500A_dry,
1_7aNVOT5EzOMKEERN0glR,FL5331500B_dry,
1TSEatQ_X618uNI6tkqBVS,Float_filter_base_dry,
3iP3xuB2f3x9ziSoQ2$Uz_,Fluid_tank2_dry,
2cNXEsYvv0C9$rk1H2EkMO,Fluid_tank_dry,
0BUL89ALv2lPKmlzb0O25r,FT513301_dry,
2Cg2p$BXn29ATF_Ft6AjSp,GE514001A_dry,
2hSyLaier2TASXIdOS0aNN,Parts_container_dry,
14o109ClD5U8T99WDWLRrS,Pump_skid_dry,
1g1wY8CK11uuLpxc7bjVYW,Raw_acid_tank2_dry,
2GjdZ9OvvB4BhHXYtorBf6,Raw_acid_tank3_dry,
2IXU5AmPb7vwDJ_6oonl2_,Raw_acid_tank4_dry,
3Y6G761BD5EgcZNIi8rSft,Raw_acid_tank_dry,
3L4kx8hR90hPhjRy7WDrOE,SG122302_dry,
1uLYePk4H6Axk56yeiM$2X,SG122303_dry,
2Ijxbl89HAUv_AbaUTWkCw,SG122304_dry,
1J_T_vyDPCwezQzy7TZ3sr,TQ075_dry,
3Jgoaxi3H9kQtI7D_B1oa4,TQ1110001B_dry,
1fzvNZ6vv4iwypW7oBQkeS,TQ122301AB_dry,
0KM3AGgsX2lOXsTwyoAzc9,TQ510001_dry,
3gzYb$RzH8Xv6OTOU1KPnv,TQ511201B01_B02_dry,
1pLwKengH5pvxRQbw$mfkd,TQ513301_dry,
2qcoSrFjf3JxvbKt0J$yJl,TQ513307_dry,
2ONAu7V_b3AOUryxjSeboV,TQ682501A_dry,
2HLIhYZnD4hRl5k3txvyX1,TQ682505A_dry,
19IN0qlqH7zepqWsfnjJts,TQUC513402_dry,
2c7JgN3ZXA1Alpa4BGbvpX,TQUQ1262500_dry,
2ItXxYrRz0ww8DbgDwBbIJ,TQUQ1262501_dry,
3p93BddM595Qz3$xvx0XOx,TQUQ6825500_dry,
3$Ei3GN$57m8_EUsCiGzTO,TQUQ6825501_dry,
1ElqOAs7H7UBtDMJIxoIOm,TQUQ6825502_dry,
1VvkViQln7HwgyNp8ZDKzs,UC5134500A_dry,
0BTW8dZT51U8djSUtn7kQ1,UC5134500B_dry,
2rbSf6Gw1DiO7ftQDvMXNN,UC5134501_dry,
2ygdpnhpr1bBC2giqXcWiJ,V040_dry,
0roY6xvJb8fhHTdG1V$c4H,V110_dry,
1DEKxoD891$hgmDf_xUtpc,V120B_dry,
2uZrktE8z3dgtEGkqmEFnU,V120_dry,
0WKosr3PX7xw0iNVumRppx,V300_dry,
0ttuJ8nPX4AvfxEBl1zoXx,V310_dry,
3PD$t2o79Ahg_lYqr6VSU8,V330A_dry,
1zLV6rn0zEswHShvxzFMr4,V330B_dry,
3ast0EcgTFTPsxomLGkFA3,V513401_dry,
1iW1lCbQvCxu6XcmhDWbd_,V513402_dry,
3rE0N5rnbE7g2LfXl9MXjJ,V610_dry,
1S8X7g8UfAKeyhZpHb$1ES,VUC513403A_dry,
0kz8uM_MLDhg6zI0dynSiy,VUC513403B_dry,
3KooERpM93Ox$zjmiOuLzX,Z122201_dry,
0EIBBYhmD7pu8RH_PgXj2K,Z122301_dry,
1LFqGUpcH1xQbz6qg0ti3r,Z123101_dry,
0idChGmgPDfxU8EzwDRzuI,Cargo_transp_op_wet,
1Sptn3UHzADeoXAYE9d37W,Cargo_transp_sup_wet,
2LpTGvd5n0VA9cD6A3ZSOO,CL5331500AB_wet,
1fYtUJ1r56OgbCu16huXrx,Container_mec_wet,
1tLvhfOnX2fhhALrpHRNJy,Container_tcom1_wet,
1l6yvrK8n0SAb5pgegGlFE,Container_tcom2_wet,
1Yo00FoJn8$BfmnZEihaaX,Cont_compr_wet,
3RJnECpDHC7ObF3MjHLWbw,Cont_generator_wet,
3rN8NhD$jEmBPBWI$jiXDe,Cont_locker_wet,
2j8gKMryn0sBrCgYpzEMEy,DRILL_RIG_wet,
3434WVZuH7tuJ7SiBH0fja,FL5331500A_wet,
0wlHqjNWzEYAMVKkDHL_Xs,FL5331500B_wet,
05FWcxXujAcOzAbskS4KRV,FT513301_wet,
08iyaJXgn10uv8eqo7ZMUy,GE514001A_wet,
1SGdWuF0fCQusxaeLsuAuM,SG122302_wet,
1bPM58$OvDWOAptTjd3BlL,SG122303_wet,
17Q56IxC94lPtGXSRQBLmI,SG122304_wet,
1_yqScfQj8ofkzAUAe2J4G,TQ075_wet,
0ld$gqVxnDuQujXfWNbGbZ,TQ1110001B_wet,
1t$W1n8DPDBBawNgqVkTVm,TQ122301AB_wet,
2UHYzVX5r4gOnuic$ptrt4,TQ510001_wet,
2sTxAeGM90aAnHyoCXXJZb,TQ511201B01_B02_wet,
17y349Qx57KeeUTW0iB3H7,TQ513301_wet,
2RvM93P_DDheCLsowycV$Z,TQ513307_wet,
16WHvQVyT3U8ubWrB$FFCY,TQUC513402_wet,
2RzJ4ytT51dP$l02UL0Mzf,TQUQ1262500_wet,
3Kr4lRVKv28vVSAHM34t6p,TQUQ1262501_wet,
2jaadX$_zF995EnO1Rd0Y8,TQUQ6825500_wet,
0GjNDPOTXCdPqyGZPumVPH,TQUQ6825501_wet,
0pbppN8JjFKRq0NyJJoyvX,TQUQ6825502_wet,
3mG0I9xRrEze1kbdmTQaUN,V040_wet,
0Q2pWHZLzDAegcw$dxVC8X,V110_wet,
0_Rcvslk14YhInO3B6w8GA,V120B_wet,
3fA60kMMn8nADf1W1$hVqy,V120_wet,
3Q3NNAW3TCifyVlXNpNaUX,V300_wet,
1RZaLcmm19FekmFITk4pTg,V310_wet,
0muRj$EC1C3vkN89aYHy9S,V330A_wet,
3QeYVqT4T0NOqsssM7M0Oo,V330B_wet,
1REiWCo9zCNRUVIp20Sx2K,V610_wet,
2dLOLvPUL5hAQ_bKnSr1oM,Z122201_wet,
2QULziuZX9O8tc46W16y1f,Z122301_wet,
1u_rMHjkTBsBQayFiVouhK,Z123101_wet,
3DuCQMIfv3oRCSci88mIxK,Helideck_LL,
2J3BYuV71FvgKaq300Hj5F,Helideck_SEC,
1dFllmWIv9kvdjgo$iDprE,Helideck_SF,
2wjHdU0A54ZeZRwGyy78uW,Helicopter_load,
0kcJlTtVL4fBNMIAhIIwco,PHMP542001A_2_dry,
03OTmdPrD80u91YbC1sFf1,PHMP542001B_1_dry,
12TdybWxb5cPsecrx0ZqiB,PHMP542001B_2_dry,
1L6pdDc1HCgOsUJ1hKqDTi,Piperack_FPA_dry,
0RfceZerT0fA8TX4J2ecDx,Piperack_str_FPA_dry,
0IR7wPtVf1aPp0DL6SxUTx,TQ513304A_dry,
0TdCSnbUL6PAbaBwCa_XXb,TQ513304B_dry,
1Y9dvBJUb22PQqDjRLgbK$,Workshop_stru_FPA_dry,
3k2odrmyjFBhLxc$t_XPC2,B542001A_dry,
2Vi1iPd0T5pP0pRt_fBhfW,B542001B_dry,
36xf43eG90DuuSkjmmtkBU,PHMP542001A_1_dry,
2d4xPJgiPEiP4U9e_4VU9U,B542001A_wet,
1c$WGypMXEIRwaVbudhXU1,B542001B_wet,
3CLISvMozFJxrrcvAp7M7h,TQ513304A_wet,
0V0kYB3sTDhfs$bkpE2V5T,TQ513304B_wet,
0sJv598q54RvsDazilR8TN,Access_plat_CA_dry,
1PCVaeGFz0pB2AvwTzpfdL,ControlroomA_dry,
2AdQgg371ErvS5QYWk4a54,ControlroomB_dry,
0sTBh3y4X6QeBl3wJ9FiT6,LP_124401_dry,
3jV3ojfnXAUg0rWpsUFI$s,Piperack_CA_dry,
2_YbpeKlH3OgVTZ9a404v$,Piperack_str_CA_dry,
2FqCE4rj12jvlaVIjut_pM,PN_TA_541202A_dry,
2WPACguvj7V9bnZuilfHat,PN_TA_541202B_dry,
1XStZgajrAzxgWWh9ik9cG,UC_122301A_dry,
1zvlWtMTH3ffI5NR71HvxE,UC_122301A_skid_dry,
1m$Na1qmvFePPa1Y8nfaw5,UC_122301B_dry,
0rQuoHiyTB9Ppdw2MlUkNH,UC_122301B_skid_dry,
0b36Ok$CbDkB1rsk0ruUVZ,V_122301_dry,
3iTh1jahT6o8Ll71pIfNQD,V_5134500A_dry,
1QdGsT4wDCTAc61RpAx25Z,V_5134500B_dry,
2PBJ6zJir7Juortm7x1zSG,LP_124401_wet,
0PK9MYAEv5WuN307jkeoHu,V_119_wet,
3LqzKrvST4kO$i08frcx85,V_122301_wet,
3mHhpHbvX3U9jjQeFZgPqc,V_350_wet,
0GhvKCFYn37eSLRA9RIPZp,V_5134500A_wet,
0h1K0D$1P8mPvM2mIZEGDd,V_5134500B_wet,
3ylajT3P9ARgJBbH2OEpTD,Z_TA_541502_wet,
1Zk9D93OL8hvbLPP2aAI6K,AC525250_dry,
2$vwjLYjz7d8D8QyBAvH2O,AQ5125100D_dry,
05NKWHOrfFVwvI_Y7UVQS3,AQ5125100E_dry,
3$XxGrbUb2m8OLqghNQmn0,B511102A_dry,
059B7wbcDF8hxM2QST8HSV,B511102B_dry,
3por2WLsrDNPvbGBHPmpjO,B511102C_dry,
3u5ZgyKnr5BAf9tDCpEsVF,B511102D_dry,
0BVOH47szCP8ayOWvxujZA,B5423500A_dry,
1Wj24Oko93Y8c_O8VW1xjH,B5423500B_dry,
1GtrdSwu94I9lzlJx1RUMH,Diving_bell_dry,
1ULM7ys5bBoOeWWYtKgEQe,Diving_bell_sup_dry,
1YmlvU1pP8RRX5sxsf9lcG,Diving_bell_winch_dry,
0pkDnTTtX47OS8KX_tJ3zt,Elec_work_cont_dry,
0APSMDGnv15AF_l2oLydAk,Filter_area_dry,
2QWQv3Ewr94h9oPapSJAGc,Laundry_room_dry,
3XLCYJTGX5XPXlnPes$Q2W,Piperack_1_CPA_dry,
1q86K1QOXEWvA29pJCyEJo,Piperack_2_CPA_dry,
3WE6AspG9EcQ44anqDBUJR,Piperack_str1_CPA_dry,
1$$Cmi9D1ANPHt2tZwrInL,Piperack_str2_CPA_dry,
0$uqipFrLCcRyNiA_L3oGQ,Pump_area_dry,
2CKSSBy$v1Gx2JU9ESVHGn,Tank_c_dry,
3HERLPTT96rAN$v_6N3WtO,Tank_d_dry,
25SY$oqLL3VO_vT5x4lp9Q,AC525250_wet,
3lrKBsHjPAGRWRgcYVm7I3,AQ5125100D_wet,
0YFu9fBLrE3Pp3mdceYkXP,AQ5125100E_wet,
1ufZwaD4LAfuzu0ECcp8xd,B511102A_wet,
1o94oXtzr8IPE8RCnwmDno,B511102B_wet,
01Qs5iIOT0_BsWH3Ad8rHJ,B511102C_wet,
289qDtJQr8i8P3Rt8O_57I,B511102D_wet,
35cPxBsmn2qBP8gXgcnAXz,Diving_bell_wet,
3U73fvh492DvigK7TvmkBM,Filter_area_wet,
18yXE40cf5UhX7H0Nhcx6h,Pump_area_wet,
1kIUur8rv75xobVHMadmtS,Tank_c_wet,
1gB2PHtVbCPvCvctsYqrcX,Tank_d_wet,
2hnDFZ_V53U8qBJsVxCaa4,MTA_dry,
20rdPxAsj8heXaDaR2MS5P,COM_TOWER_dry,
1w7idtJTXF28Ph0zi77hve,Wind_Area_1,
1b_u$w_Ez2zRKaQU9nBnAV,Wind_Area_Cellar_Painel5,
1vHG9Yp5DCVRgADVBSQi4j,Wind_Area_CompeessionModule1,
3dNVmPaLL8BRFO06Lec4lO,Wind_Area_CompeessionModule2,
2BMRpr2JbEwBbsDoDo4xiJ,Wind_Area_CompeessionModule3,
11ZpBaRqL42vtFcalvyd51,Wind_Area_CompeessionModule4,
1sIbaN3QPDOP1chcqJjR7x,Wind_Area_CompletionModule1,
0yNg5QFPH6dhuwucO5qjgW,Wind_Area_CompletionModule10,
2vAbu28FDFA8lc203injBz,Wind_Area_CompletionModule2,
2PHOHBRjb9meVR_Nwdeq4q,Wind_Area_CompletionModule3,
3BRF8ASyLBGekxtlyzPeTV,Wind_Area_CompletionModule4,
2$24tMtUzAqwI9DGcTh8d$,Wind_Area_CompletionModule5,
04Ik8qkUb4hO7ytHA$0dDY,Wind_Area_CompletionModule6,
3Ok5TBcGDBXOqb$hsyaBcE,Wind_Area_CompletionModule8,
04$0zJknPFjvlfuhizi7aI,Wind_Area_CompletionModule9,
2TAYtD81bBKQPq4dAwwzFh,Wind_Area_CompressionModule5,
2gNlILqgLBIwn8soHXGNyG,Wind_Area_CompressionModule6,
1aseX_xr9DyQ_0nRmufeYH,Wind_Area_CompressionModule7,
0Ex$LNfKv4x8hRzNtIR_DZ,Wind_Area_GenerationModule1,
2ajtP_7w11OeLNsuZxayeK,Wind_Area_GenerationModule4,
2ocIvGIWfE2A0OTmof5mKl,Wind_Area_GenerationModule6,
2aakrgDQPAVuNcVfXRIH9y,Wind_Area_GenerationModule7,
0hdSiH7wvA7O31eFbea52p,Wind_Area_MDA,
3kQfXr0ULECQbh4KXmujxg,Wind_Area_MTA,
2FV8vY0XTE2Q5T2KOEO64e,COM_TOWER_dry,
1Wc1cKoUX39hwROZlWiI0N,Wind_Area_1,
1pFJAAJrzFyxvDK0BnIanh,Wind_Area_Cellar_Painel5,
3YO$wA3Dz4xOtJDyJR6p3E,Wind_Area_CompeessionModule1,
0AFRJ3AVHAU9rOHheJHh4B,Wind_Area_CompeessionModule2,
20PqZesKDDLenVz3MwLeIB,Wind_Area_CompeessionModule3,
0tq6KYAW9FPO1TQmdSvyRv,Wind_Area_CompeessionModule4,
0kppOqhaj419vt9IdgV4Ub,Wind_Area_CompletionModule1,
3gvvfYUejC3R2RWKcUNmh4,Wind_Area_CompletionModule10,
0brtpwWU95sREf6pERB7fd,Wind_Area_CompletionModule2,
2qinm2NuPEZfru4pINo8BY,Wind_Area_CompletionModule3,
3tK1RdjsLCveghsaeUwxgM,Wind_Area_CompletionModule4,
0a4hwIXGf0DQf3nu9dGsDw,Wind_Area_CompletionModule5,
3shCrd_Kj5bQ4pCsII3mLT,Wind_Area_CompletionModule6,
1VkaiuX6P83uUl9ksYn2MH,Wind_Area_CompletionModule8,
1kWBSrOf5AHAJkbsK6CIgC,Wind_Area_CompletionModule9,
3C_YlO0sX88fF0TFCwglE7,Wind_Area_CompressionModule5,
1BDPOOXjbB7fUN6ldif$TB,Wind_Area_CompressionModule6,
0mgUBa7Yf6p9HWJsvGrT$9,Wind_Area_CompressionModule7,
2EzW0sdCL2kvEpJaJwpOxp,Wind_Area_GenerationModule1,
06mFfekqzDsBMMS0vIZqLl,Wind_Area_GenerationModule4,
09poBNES58h9edsPFsgJ5E,Wind_Area_GenerationModule6,
1dYa3ceYjAZexyQOK97p_z,Wind_Area_GenerationModule7,
3OoI9yU5b978BRnkfH$bfC,Wind_Area_MDA,
392pEcJRHE7efKmUZdglHE,Wind_Area_MTA,
3mfTDevWD8MfFzuP3n69Mn,COM_TOWER_dry,
1Hf$QTFZT2VBFZoFoarwWT,Wind_Area_1,
0xzshxNJ1F0wbO9jqpLJsT,Wind_Area_Cellar_Painel5,
0FEzQVQOL67v2bFzpXO$gg,Wind_Area_CompeessionModule1,
0sqIQsPqzCHh99GIV0aRU5,Wind_Area_CompeessionModule2,
0gTqDbwJf04QIAS_6ia6p2,Wind_Area_CompeessionModule3,
2FyFUJNIf2AefRjmHzJTQ7,Wind_Area_CompeessionModule4,
3GPEHdyNj5VgsPwrQZbMpI,Wind_Area_CompletionModule1,
0cCetaasn6oQOB7IOifOWw,Wind_Area_CompletionModule10,
0mwc$FkmzCbR6NdBsMd7dy,Wind_Area_CompletionModule2,
2Jb_oUeDPBggKJEoPr2Dja,Wind_Area_CompletionModule3,
1sSQENE6HFpOcy17SnCREA,Wind_Area_CompletionModule4,
1VLrqunBTFAw9niB71SwBA,Wind_Area_CompletionModule5,
3tgYmu2YP7hfUDaXPC12_2,Wind_Area_CompletionModule6,
1egsdwbyvEl92kRuukAFv3,Wind_Area_CompletionModule8,
2muyFkCObAlAt_9aqgUzS6,Wind_Area_CompletionModule9,
2YyyDvZ5nEKBjYrGKeyxpk,Wind_Area_CompressionModule5,
33nJhz3ov2EOtvIsXMo13n,Wind_Area_CompressionModule6,
2tctE_5YvBdQ0eaSfY$lPr,Wind_Area_CompressionModule7,
1Q_RpU3knCHfFtB4Ny324s,Wind_Area_GenerationModule1,
0yBp9C5TH6nviVpdHpF7YH,Wind_Area_GenerationModule4,
0Yy$13ewP9AOwf8FByHoVk,Wind_Area_GenerationModule6,
3zRLlwHBrD2Q9SwH_XWmJF,Wind_Area_GenerationModule7,
1H5tLyruz9ZvnY0NkzOChh,Wind_Area_MDA,
2EYBDqTQj5$AnsoGmEV3R0,Wind_Area_MTA,
0e8ZkL27TCYAQmK0cHExcp,COM_TOWER_dry,
09P$ryRGPAPvK72IQWA6gp,Wind_Area_1,
2fXj_TDN17sx70dnakpvPH,Wind_Area_Cellar_Painel5,
3QnlHnqu13J8my62kNXyQ$,Wind_Area_CompeessionModule1,
33YLimIPb0IwFogY$lIcqi,Wind_Area_CompeessionModule2,
3swcJGbsrAthW448ZDeBAK,Wind_Area_CompeessionModule3,
38BXXpGgz3ffzdEQrE3cv_,Wind_Area_CompeessionModule4,
0Zm7CbxxL4KfSzSz2iWCPc,Wind_Area_CompletionModule1,
0BCMymFK95bgubJmRuIxEw,Wind_Area_CompletionModule10,
3U4sSDla1DJAm$p0txxDgn,Wind_Area_CompletionModule2,
2n8fplIkTBUh1arjEx2rC3,Wind_Area_CompletionModule3,
0Z6EduQtz2YgiE1R9zaNyQ,Wind_Area_CompletionModule4,
1gvkRsfuT3zwP4PgLdbY7N,Wind_Area_CompletionModule5,
0mYsN2xNnDMRSElXVTeVdg,Wind_Area_CompletionModule6,
3D3ER_zADCtAtAurdflypG,Wind_Area_CompletionModule8,
0QADxPT2n2QuAXmIgpLMMO,Wind_Area_CompletionModule9,
0SQmYPlJXCyQ4FG7uF56TJ,Wind_Area_CompressionModule5,
1BpTaJ4pf9sgBYYyU49QbQ,Wind_Area_CompressionModule6,
3PakYzIUP07x404WQjLYoR,Wind_Area_CompressionModule7,
0l5E$U7cP8aeKFKPpJZ2I8,Wind_Area_GenerationModule1,
3lpLkSc_1BbQHdmWzpIYhR,Wind_Area_GenerationModule4,
18Uj9ECJnD$OnKpfozWCaU,Wind_Area_GenerationModule6,
1yXe8n$i9EWeQ9lQvkFJbG,Wind_Area_GenerationModule7,
0ixEfaH$55avzhwIsYD$hq,Wind_Area_MDA,
2NUr6xkFX09APZxIjupRUm,Wind_Area_MTA,
1O9OMwIyDCzRuprJeeqsVr,COM_TOWER_dry,
3lpBAAx9b5YfBG$i3Azq07,Wind_Area_1,
07VkOULCX8ue8vFZCDVE3g,Wind_Area_Cellar_Painel5,
2h_CpqHVT7$QsNKDeqbENS,Wind_Area_CompeessionModule1,
3n09gGfEXBCxZrkvsdtqt0,Wind_Area_CompeessionModule2,
0Nw1jhZKX8whm2h$KvDJTA,Wind_Area_CompeessionModule3,
0h23eeHOT6Zey0zyv7QKLa,Wind_Area_CompeessionModule4,
3sG8GDBnHC8hPtJIjsoOBb,Wind_Area_CompletionModule1,
34IGCA5HL4xP5bbBBYm7HS,Wind_Area_CompletionModule10,
2FaFKnptf7R9jbTkRL6eyc,Wind_Area_CompletionModule2,
3Cs9pqr3r4VQ5y0i_4AlGL,Wind_Area_CompletionModule3,
3tsJuldjf7Yuzes$rko2Qm,Wind_Area_CompletionModule4,
3A2UPNgDX62PtOPxLUnOzN,Wind_Area_CompletionModule5,
0i3S2iLor6tegd0qBy7xc9,Wind_Area_CompletionModule6,
3FRUnziZvF8ehgkJaXxvax,Wind_Area_CompletionModule8,
2mrVyk0zzE9BjiKK8ByLiO,Wind_Area_CompletionModule9,
0JTck2emXENR3U9tUNzSNz,Wind_Area_CompressionModule5,
26jM_kxgX6TvHmlKq4mgQy,Wind_Area_CompressionModule6,
0KlB$0srf2gRXJrtK89CZl,Wind_Area_CompressionModule7,
1qTRQMEmbAd8pqbD0vmnAo,Wind_Area_GenerationModule1,
0HY3xBQJn23xdmciHJz_K4,Wind_Area_GenerationModule4,
3jP70h7HD8kfYRho8bhFsK,Wind_Area_GenerationModule6,
3IhOD4HEzCvvckC31hMB17,Wind_Area_GenerationModule7,
2Dn42PCtz4ZAu04$HmbAVE,Wind_Area_MDA,
0skffW$mvBhRULKNIwhoCd,Wind_Area_MTA,
0p_tKIdPH4jgGLNJl$Lnab,COM_TOWER_dry,
0utuYNTpvEygF0yvUWkyC8,Wind_Area_1,
1hb$7$dJT1HOZt_dpFZ2_x,Wind_Area_Cellar_Painel5,
3DoJLP$kzCKeDrMOWwQhIq,Wind_Area_CompeessionModule1,
0Dgg$_1U189xYDHAFyPQ8u,Wind_Area_CompeessionModule2,
11uq7bSqr4Su6NZmRNOx7O,Wind_Area_CompeessionModule3,
1VSmrf7ez8$fP3E8MZ0cWO,Wind_Area_CompeessionModule4,
1jBnYN8UX7mBRtsXMwgezW,Wind_Area_CompletionModule1,
1EgzjNoujB5xRD8JBtizKG,Wind_Area_CompletionModule10,
1_JC7RNg184xSGChiMOI1w,Wind_Area_CompletionModule2,
1$fKAa7GjEexNpJtUwnNoH,Wind_Area_CompletionModule3,
08Po_vaLPE$gR3zHu0FJq5,Wind_Area_CompletionModule4,
1vbEFwMiP99hOKEjIhynP8,Wind_Area_CompletionModule5,
3hytgAxF9DRRbLcOGHBbGt,Wind_Area_CompletionModule6,
0XbH4Md_56JP5u_pG88_7$,Wind_Area_CompletionModule8,
0vigqhjoL4outaUy$XHvGz,Wind_Area_CompletionModule9,
3HOydL_jH8bffUxZyyfBux,Wind_Area_CompressionModule5,
3FMzyBkCX2QBY$8ttTjnvz,Wind_Area_CompressionModule6,
3zU_Te$oD76Qde92ImuDSB,Wind_Area_CompressionModule7,
3pOkCX58v8zfLgsK6sr3Gp,Wind_Area_GenerationModule1,
0TSaSEZMnEevKRXHqvyOGM,Wind_Area_GenerationModule4,
1Th5WZDOfBDg7k9n$tyz8_,Wind_Area_GenerationModule6,
18JYmauM58wQ1o3ifSyGGZ,Wind_Area_GenerationModule7,
2BmveBdyv4_xW2zIU4RACj,Wind_Area_MDA,
183WmHIbr289LqtT06invn,Wind_Area_MTA,
0jb11g8sr3I9Qhb9VXVRku,COM_TOWER_dry,
3D5Go0utHEegfuFw$9MkJl,Wind_Area_1,
1qVcq02$16xRT1iUTbbLPt,Wind_Area_Cellar_Painel5,
1od9Bbec17MREC5zhqmMUp,Wind_Area_CompeessionModule1,
1BVZzInJn1Geg2oQkYEGL8,Wind_Area_CompeessionModule2,
2_A6WWiNf72fGA6XMUw3ei,Wind_Area_CompeessionModule3,
0L4Q$W$A5EtB4pJvUM_6Ik,Wind_Area_CompeessionModule4,
3vm24$sx9D59zetB_QFOVm,Wind_Area_CompletionModule1,
02k9wM$gH3IQ3nnLHCQopH,Wind_Area_CompletionModule10,
1SLIK8JqPE7wxYbIGJkX7g,Wind_Area_CompletionModule2,
0oxdgeVnL5MQwSctdWnIa6,Wind_Area_CompletionModule3,
3AJYUGBaD08A7CQ3ftz8Ik,Wind_Area_CompletionModule4,
0e7nnu0LnCSR81sHVrbdVi,Wind_Area_CompletionModule5,
1f3HfK_Qz5Yu$4KX5cVqqc,Wind_Area_CompletionModule6,
0$g01$DDT0hR2vc2Gx7X0Z,Wind_Area_CompletionModule8,
17zppIBKXBuvvd$prCyO3D,Wind_Area_CompletionModule9,
2xJsclsIP4aPYvCROqE_KM,Wind_Area_CompressionModule5,
07d$9MNgP1T8GcKc4Xwe7p,Wind_Area_CompressionModule6,
3EnMdVYFD4SeNbEnEj5xLq,Wind_Area_CompressionModule7,
17HA7N8PfFOBm_Mj9031Q$,Wind_Area_GenerationModule1,
1X7ya3Cu54h9ryKTbslWsK,Wind_Area_GenerationModule4,
2XizIf1SnF4OoG1Gc33NB_,Wind_Area_GenerationModule6,
0Bnr6PgsHABAfWg$d4F$m1,Wind_Area_GenerationModule7,
31Mci1QWP2oumGXKGDMkan,Wind_Area_MDA,
1zD5Zg8vzCdupgIcrh6jSa,Wind_Area_MTA,
3H1oOSwp500950g2NS5EGc,COM_TOWER_dry,
0Ea0WJhoj4M9Q_kGzE4q60,Wind_Area_1,
2P5uE2raX7vxthIPRJsyQ7,Wind_Area_Cellar_Painel5,
04TBBTgCX5gOb49E3_nyh0,Wind_Area_CompeessionModule1,
0ebYuK8U184uOjswt3Tfrd,Wind_Area_CompeessionModule2,
0N5E98wyf0vQ2jQ8Mg7fit,Wind_Area_CompeessionModule3,
2yr8iDJe9FmvX7thAWdIy$,Wind_Area_CompeessionModule4,
1NiE1jFgb3mRlW717DRxsr,Wind_Area_CompletionModule1,
0OdbfP4J1CFvvE6QM$e73X,Wind_Area_CompletionModule10,
1sRULSW_97FR9zPodjsyUd,Wind_Area_CompletionModule2,
3rs7Nvn5DBqvjQmOysnabt,Wind_Area_CompletionModule3,
2eq8jKpgD3cQrkSMkRMlGo,Wind_Area_CompletionModule4,
2pEkYW6wr62R85vsKhUpCf,Wind_Area_CompletionModule5,
3XDZIdGvPD6uZjRl038TT2,Wind_Area_CompletionModule6,
27CZtc0xv63RoqTk_mRuET,Wind_Area_CompletionModule8,
3AfjqWqQX98hLhq0IUre_U,Wind_Area_CompletionModule9,
3qO5cQasX1xwfD0a2SfXvw,Wind_Area_CompressionModule5,
3v2HaKGin98OobTzcba5r5,Wind_Area_CompressionModule6,
0NIlVDQNnBcgi_$4Ln49qM,Wind_Area_CompressionModule7,
2VelISzeH1e9YZyM8epfbA,Wind_Area_GenerationModule1,
1zgtndjVj7pv1Cf$LOCScE,Wind_Area_GenerationModule4,
3yHjf5JH56$QCE9YV4d15U,Wind_Area_GenerationModule6,
0kLpwTp0zA6ABgKGp0Reyb,Wind_Area_GenerationModule7,
2BAdgCmMLBpO9u69Mq0HZ$,Wind_Area_MDA,
082lJvIyr8_R_maHyHS2wZ,Wind_Area_MTA,
0oSudE5f9EbfPv$RPCMpiP,COM_TOWER_dry,
0CLQiitgX2GvN_PcZSClbj,Wind_Area_1,
2hGIfh7w9A9QlwheMD9A_U,Wind_Area_Cellar_Painel5,
1pLAFGkx5EmQiJqG8Y0fgc,Wind_Area_CompeessionModule1,
0ST2WE2A1DChwt347y$3jA,Wind_Area_CompeessionModule2,
0Pj7s9wpP13fqleT6VomUT,Wind_Area_CompeessionModule3,
20HZQevZr9g88CIdYjX5DB,Wind_Area_CompeessionModule4,
1RR5lVREz9lB$e40PhyoLI,Wind_Area_CompletionModule1,
2epzLpiyv8792up9U6BMCH,Wind_Area_CompletionModule10,
1bIYgFDlH8xhC9MQG5UrqM,Wind_Area_CompletionModule2,
1p6fXppl197gy43xNhRdlg,Wind_Area_CompletionModule3,
09Ah7eGM18jAr72KCZN9HN,Wind_Area_CompletionModule4,
0G6YNsBnvEZAHfkgqBOY1c,Wind_Area_CompletionModule5,
1vgOoFK7n6fevpOPeetlPI,Wind_Area_CompletionModule6,
2yhcMAN_v5sfwKs4kSCZ9v,Wind_Area_CompletionModule8,
2EZXgvYAzDZRMknSBELU_9,Wind_Area_CompletionModule9,
3hjzesri520RFMjrNfJa2n,Wind_Area_CompressionModule5,
03eUp2yBP0zhZyXToCHg8a,Wind_Area_CompressionModule6,
0_74LVY593WA8eXNO_zOVQ,Wind_Area_CompressionModule7,
13cIh1J_5279uevgOcNMgS,Wind_Area_GenerationModule1,
0JGDzu8l5B5AbB_lW2jUEW,Wind_Area_GenerationModule4,
0p5GApdnP8rffwB_lveEQc,Wind_Area_GenerationModule6,
3s__7Wam1Bch3_yCMB8Ufd,Wind_Area_GenerationModule7,
3MZIw8qiz7jhWQOX6ha8D6,Wind_Area_MDA,
2kJAK9fMTCaxF7GRpZ1y8v,Wind_Area_MTA,
043b43ze1Eg8Ktab9jVgAP,COM_TOWER_dry,
3MUN_6gP98$9ZYxDiuPbko,Wind_Area_1,
3bgCt1D7v7NB8N4LH7MTKE,Wind_Area_Cellar_Painel5,
2i5GATsTbCwfUUamahzRN0,Wind_Area_CompeessionModule1,
21nd_MoiL0Pf$AH$RaGsNB,Wind_Area_CompeessionModule2,
13Xn$TmrT2nwWcwBER5NRj,Wind_Area_CompeessionModule3,
1eZNrj3iL0tOiQcnyQpJZH,Wind_Area_CompeessionModule4,
2QmSlGsEL0Q9rfQjfqwYgu,Wind_Area_CompletionModule1,
0f4Tc3fnb94BPPezZ3B8Md,Wind_Area_CompletionModule10,
2SNOd7o_L4WfW9Z0wtqqjS,Wind_Area_CompletionModule2,
3n65AUbOj3oQxUa1fXPKY6,Wind_Area_CompletionModule3,
0UX52Bspf8uARhSqfQAeuI,Wind_Area_CompletionModule4,
3NKqJY98z0L90APVDhHLxv,Wind_Area_CompletionModule5,
1BEcGcwH11_xa8O7sHuUT5,Wind_Area_CompletionModule6,
3Zicsx8xrAuxw7s$gbuiVQ,Wind_Area_CompletionModule8,
0_ig4HRaz9txikrDf4zo5E,Wind_Area_CompletionModule9,
2QDTWcUXj0Ww5a8P5BHyic,Wind_Area_CompressionModule5,
0QelTgv4T42QBcs$CSWNV1,Wind_Area_CompressionModule6,
0kESk5O2HD099ua0ja563j,Wind_Area_CompressionModule7,
06ff8razjFhg2IMkNJCkSt,Wind_Area_GenerationModule1,
35xC0Setz7dR8VC_mizwat,Wind_Area_GenerationModule4,
05hG_AqAXBSPWYHvdQIDF0,Wind_Area_GenerationModule6,
1V$LQT3Oj84gxKhZGXS31k,Wind_Area_GenerationModule7,
3tE$yi5Tv9gRuDLeFuX9I_,Wind_Area_MDA,
0nQVLsdw57HgWR0mq3MrN4,Wind_Area_MTA,
3xoKGGjwL7$QGKmf47DMaP,COM_TOWER_dry,
02_AWJYkf4mw2lcXP9AXiD,Wind_Area_1,
3Mwv9Z4u9DSAgI_6S1sx9W,Wind_Area_Cellar_Painel5,
3gJthzOYLEBO2Y6jGvQEQy,Wind_Area_CompeessionModule1,
1gc2nZmiL5JBJxRLYTbqQJ,Wind_Area_CompeessionModule2,
3aVC_F3Gf4jhppp6tf6kVF,Wind_Area_CompeessionModule3,
01elXExxz5CfxTRees7yFC,Wind_Area_CompeessionModule4,
2LRhIpcw9B8hl76s23L7ux,Wind_Area_CompletionModule1,
1bTRxcLij4AhOIbwtPW2s5,Wind_Area_CompletionModule10,
35uVA5KOn04xxJr9EU2v$H,Wind_Area_CompletionModule2,
0mvQmz3ALCbvQuN7jFcGmV,Wind_Area_CompletionModule3,
0VCaJBW6HEDxjtuMtWiHF1,Wind_Area_CompletionModule4,
1i4WIU3w90GgkoUSGb_PoR,Wind_Area_CompletionModule5,
32cDihBBL4U8Y1yq3icHyt,Wind_Area_CompletionModule6,
29oNtGcdr9YgMhS3nYWfQ0,Wind_Area_CompletionModule8,
0VfvAAm9vBUAOSGjz2Fpdu,Wind_Area_CompletionModule9,
0DmCaIQNL4dQ6nTf3rjKeA,Wind_Area_CompressionModule5,
1dY5Tz8mT29AvWmXSRhyWL,Wind_Area_CompressionModule6,
1fwu__4yLEBRzuGZSRNuOg,Wind_Area_CompressionModule7,
0svHuOJQXAiuGV2PCc$746,Wind_Area_GenerationModule1,
3Ooa8Ae7T27wH7EgE7gP9N,Wind_Area_GenerationModule4,
1utwzJ3yj3Mxno9XPgSt8M,Wind_Area_GenerationModule6,
1xxGcCY297ZwMUmK4uPraH,Wind_Area_GenerationModule7,
1LMA3OMLz39wXzEVzKQRpy,Wind_Area_MDA,
3BSazHRmbFO8jZg8wk7tux,Wind_Area_MTA,
0FrxTes4X9w8BY_HpQPsCR,COM_TOWER_dry,
0t1JUtEqHEwxtTVz43u7x1,Wind_Area_1,
3X9dBzBnLDGxfZUPXfzYWp,Wind_Area_Cellar_Painel5,
2L4HROicHD08uYO_935EDC,Wind_Area_CompeessionModule1,
3lAhzamHfB7wxHTm0AgJYf,Wind_Area_CompeessionModule2,
0rMMnn6l1EMOImPXj_Af$u,Wind_Area_CompeessionModule3,
0KIXeJmzjFh8W15Hbx6$3_,Wind_Area_CompeessionModule4,
02sHo3MZPCD8q3_AfDdnCa,Wind_Area_CompletionModule1,
2laYMctw97fPqoeYt8bzm5,Wind_Area_CompletionModule10,
1yk4Ff3Lb4X8vh2jO6k4Gx,Wind_Area_CompletionModule2,
0ibS3PQ2f5CPLRz3Oyoovq,Wind_Area_CompletionModule3,
2E_k9Ko_L3HewaobEGDFZM,Wind_Area_CompletionModule4,
1xuL_Ad0v9p8KR2jlxnX0c,Wind_Area_CompletionModule5,
0soyHWEij7oOf2vZe7wEv7,Wind_Area_CompletionModule6,
2V7O$NDaf3dvJoh9PXY$VF,Wind_Area_CompletionModule8,
30qHuknlT8EetOGins6$6k,Wind_Area_CompletionModule9,
2cDm2V5YT1WhOepz9Wy_EO,Wind_Area_CompressionModule5,
2S90fwaTP2hPCWSi8hu8s0,Wind_Area_CompressionModule6,
3KMxIJtY5Fw8Sewxk3XD24,Wind_Area_CompressionModule7,
1mDV3isZD5UgIWQChMysA4,Wind_Area_GenerationModule1,
0bYbKDhjb3XxdfdF695a2r,Wind_Area_GenerationModule4,
2fYV77f9b7zP5R6AaRbXgF,Wind_Area_GenerationModule6,
2Ldy$KqaD9NQF$YqcZvfUF,Wind_Area_GenerationModule7,
0Eco_dSzn4VwDecT9Q1Sdd,Wind_Area_MDA,
0WGB1pqFHBguJIMvC0sa1e,Wind_Area_MTA,
3fpHJitjD7MuRpyvrJlHHj,COM_TOWER_dry,
1R9gVSBGT5ixJjLSApTz$I,Wind_Area_1,
0aasUaUVjEUg9wkfA1oR56,Wind_Area_Cellar_Painel5,
2TpPMbB0z5o8mg8PAPsKgx,Wind_Area_CompeessionModule1,
3RzcBwFznDTxuDEF1Y6sj4,Wind_Area_CompeessionModule2,
0SHQAYdsX3pAKktzEUi863,Wind_Area_CompeessionModule3,
2gEDVjudrA_9nl0JhoqSoY,Wind_Area_CompeessionModule4,
3t5xLot3X2nQKoryebrL6r,Wind_Area_CompletionModule1,
2oZpvhX651JOU0A_hKTsvq,Wind_Area_CompletionModule10,
3oySKH$ubAvuU_IS0WjnWK,Wind_Area_CompletionModule2,
2Hc8r0hCr1$RsOkxPG6dui,Wind_Area_CompletionModule3,
1l16EIWH5FaO1NcVLbXfpu,Wind_Area_CompletionModule4,
3WLoX5kmbD88wTMbB2hswB,Wind_Area_CompletionModule5,
3H3XjCadnEAwCc4VA2p5ae,Wind_Area_CompletionModule6,
2PnYwE2E9Dq8q0He5jU0oi,Wind_Area_CompletionModule8,
1kIkW7glP94AKJJ8Piy5TB,Wind_Area_CompletionModule9,
2M0Y6CvX5BUeGTCfZlfmVM,Wind_Area_CompressionModule5,
3wRxnGYcXDGekEkOnmPPLM,Wind_Area_CompressionModule6,
2_9t0OcZD5tAsLsSNG0Oez,Wind_Area_CompressionModule7,
2DawN2FxLFQ84Ps62SfXRc,Wind_Area_GenerationModule1,
0KWt0Gpt9D78HinYZbmG$T,Wind_Area_GenerationModule4,
3aZZkuMMHAmeEpg1N$0w$c,Wind_Area_GenerationModule6,
3UEWdB4Ub0Heej2rZ4ixht,Wind_Area_GenerationModule7,
1Dzw3IdSb2$PvcuYOXR1dt,Wind_Area_MDA,
1v9VYc9Sv0_xo2z196$uyZ,Wind_Area_MTA,
353UPCEov5xvFyh8qNBiNX,COM_TOWER_dry,
17kPLWBRr84AXmGykLbUf_,Wind_Area_1,
3Aj2sqd7D5NhUehTFfZXXw,Wind_Area_Cellar_Painel5,
0dvyRFGFP33PCDl6C7COXX,Wind_Area_CompeessionModule1,
1Ug8W9U$rBRf56JSOItZzI,Wind_Area_CompeessionModule2,
3d3BK3xy99W9iHAzPOaJlw,Wind_Area_CompeessionModule3,
353pZoZs15WfMq0WtLa617,Wind_Area_CompeessionModule4,
0fZTap4UXBjvCSZQf$qot4,Wind_Area_CompletionModule1,
1l8cC3lND9Zh8FASJu4Pyo,Wind_Area_CompletionModule10,
0qatWeUDjBHOT99MpWW7GU,Wind_Area_CompletionModule2,
0J2mKd0BbFmuOgsTTqPGl4,Wind_Area_CompletionModule3,
3ALe_$LIv5sRt7pViwpu27,Wind_Area_CompletionModule4,
3CQbx5TGv9sefUMdgtzQ79,Wind_Area_CompletionModule5,
3h6hFsjRL8fenWRbttVz9w,Wind_Area_CompletionModule6,
3c3MiDC3zEzOah62_VYCAH,Wind_Area_CompletionModule8,
1Uo62jWPDFthhKBzencd6D,Wind_Area_CompletionModule9,
3Y_um2G9D6URrQzfCEO2sg,Wind_Area_CompressionModule5,
3kUEb1XC18S9ODtaxOWsH2,Wind_Area_CompressionModule6,
16D4e$P$P7gwvw_B4Tt9kq,Wind_Area_CompressionModule7,
2EurJlB391Ix1MNK9HMrLX,Wind_Area_GenerationModule1,
0V2n8rcijAqBGvZAJIqUPi,Wind_Area_GenerationModule4,
0qyt0DwW10d9Lgm16mJrVH,Wind_Area_GenerationModule6,
3R$ePYDE9CrOqQVZTJhqdx,Wind_Area_GenerationModule7,
1Pa47zmcn2uRJi2Yqwefa_,Wind_Area_MDA,
0jTav34WT6bPApasbUUVWP,Wind_Area_MTA,
0WyUkSFLf5LwZ6SaocQEEY,COM_TOWER_dry,
2WmpMZtbX0lQscj19EoSAA,Wind_Area_1,
30Z23PcN18ehBcZjCIHswR,Wind_Area_Cellar_Painel5,
13wY$GdcD1ouA70ewrVj4A,Wind_Area_CompeessionModule1,
3sgd_y5ZXEFBIyb5pKv9XJ,Wind_Area_CompeessionModule2,
1RxZHVQSHAB8kHuU8a76w8,Wind_Area_CompeessionModule3,
08qg8jRlXEmfpXJ3_Zv_BQ,Wind_Area_CompeessionModule4,
1xamg04zfF0AjhRrAwv$3Q,Wind_Area_CompletionModule1,
0OJpzjkYn0xfAQ7$Hjqdvx,Wind_Area_CompletionModule10,
2XPs6oxub83fhtHVe9Q6WU,Wind_Area_CompletionModule2,
1TIRuNQUL7vQAfJpjeHKF1,Wind_Area_CompletionModule3,
0UsPXXgEb1jQnEUUbadav1,Wind_Area_CompletionModule4,
0A2Ldk_ET3U8s01zVzFChN,Wind_Area_CompletionModule5,
0wTJZ3q4r8BhlRUOK6fmFf,Wind_Area_CompletionModule6,
1f5rOspsr5l9naQbzF7poP,Wind_Area_CompletionModule8,
1nmmuThLDBqA1GLtLTW_aO,Wind_Area_CompletionModule9,
381mjYkVX2cO_uFH7gdlq7,Wind_Area_CompressionModule5,
3j3vo9B_17jgMNZlIorTAL,Wind_Area_CompressionModule6,
3g2ug7SOr9YvBj0SitQZdC,Wind_Area_CompressionModule7,
2oN$ZUUAX4fg7MM$CjKjsl,Wind_Area_GenerationModule1,
2vs9hQ7XrEvQtSH9E5tsCI,Wind_Area_GenerationModule4,
0kHQoTubf3SPByEN5Fv5BB,Wind_Area_GenerationModule6,
2XW0s14ND8sglyUGwMV9uW,Wind_Area_GenerationModule7,
3Ut$xiixn3vPs0enmF4uOp,Wind_Area_MDA,
2tcV_briD2z9eHQY$b0xFu,Wind_Area_MTA,
0T0XLB16n2mQt1MXHy4uPc,COM_TOWER_dry,
3E4$3DIJnEweTqtTSDur73,Wind_Area_1,
1ZX1yJKGbChvBzxjNEjXg_,Wind_Area_Cellar_Painel5,
1jZg4vvULASvWxAQJ5NMMX,Wind_Area_CompeessionModule1,
1ogozMuN9D7fjAGK5sPSBt,Wind_Area_CompeessionModule2,
252xgQD2v6$QETpSvdSs9F,Wind_Area_CompeessionModule3,
1qRuLRG$17tAJ6TVFyabff,Wind_Area_CompeessionModule4,
3fBJHCWbn4SeYjsbcRH806,Wind_Area_CompletionModule1,
2m7zocOu1CNRNEgLagS0GK,Wind_Area_CompletionModule10,
2BrJ4gwfr28Q2HI4tvld4a,Wind_Area_CompletionModule2,
0vimgA7M52uxr0iyo1YXMs,Wind_Area_CompletionModule3,
1fzKZ3cpr3dhfpmMQYFBSo,Wind_Area_CompletionModule4,
14_sGCpq5FOuQioCKOqNRF,Wind_Area_CompletionModule5,
3iBC14ZvHBdB8eb44825Te,Wind_Area_CompletionModule6,
1hWQAjJXn7wxeewkzgCO_O,Wind_Area_CompletionModule8,
1swqQAgKP7RhoW1ps1i5PE,Wind_Area_CompletionModule9,
3y98$KyUXBVRt83yf057Q2,Wind_Area_CompressionModule5,
3BDri6Ac166wIKDALLY5tq,Wind_Area_CompressionModule6,
0UTQH7Llv2nea0Sg2evDJj,Wind_Area_CompressionModule7,
06AKS4ayL2s8S8eXe2LCOn,Wind_Area_GenerationModule1,
1Gh2GTtz11MA2VJpvBBQyF,Wind_Area_GenerationModule4,
0eeOe$4HXECOZvpOBEcO9I,Wind_Area_GenerationModule6,
0sSHANn2nA38b0GFtcrwsz,Wind_Area_GenerationModule7,
2Yq1itZHnCCP2xDZO8GoBj,Wind_Area_MDA,
2kDKxz5Zr5tAEEzl5_gY2O,Wind_Area_MTA,
101b9_lkbA0O0c5_TVJTyP,Bm1740,
3u3RLGOT93O8gM9GGUpIlv,Bm1741,
0cR0d7eYr5GOvCYpiKH7rV,Bm1742,
351Y4qmYT4oRh5M1xAnlwU,Bm1743,
2q6NlURnDAYh9lX25W7OSS,Bm1745,
30DmvD259A7wNyOoPfBwzj,Bm1746,
06m8x65k5FCgWQYrrLph6F,Bm1681,
0lMyTQojT8YQgEK$qKNyUg,Bm1682,
0ECyexWYr16vEQodZ0_u2A,Bm1683,
0_$Vgks3L7b9JI4WcwyoQm,Bm1686,
2cr4rzDv50eub4vUpPnpQ0,Bm1687,
3cbDNazuf0uuMCcJUDxDdL,Bm1688,
0g4JWUI$LBIhUxDrcmWRBp,Bm1689,
1_qaXB63n9Ehxt6_Gl_4uz,Bm1690,
1CFVhciXr2Yw9zB97Zx4ee,Bm1693,
1VifMpI_n4B9aNSsLOAN_R,Bm1694,
3YO81OGeb8HueczMDif0pt,Bm1695,
3$1fvHipP0eAqO_X$Jtduy,Bm1696,
2itGQJnwnEgBzp96S$ZWAt,Bm1697,
1hfLScoK90puezqyS59D7v,Bm1700,
1CSkcnsY5CH8KwLlPTuhDc,Bm1701,
2rY0P_fdHEQh0g8w3k0XBm,Bm1702,
23IDKkg2X8aeLu75kqlzXj,Bm1703,
17nHhC_dzDVf1KgHSarCxO,Bm1704,
3LvuYKWo12ChyZosD_bTgr,Bm1707,
07EJzB3QD66hkQKkElmcCf,Bm1708,
15Q2BIJw1BtBg0$pval3oj,Bm1733,
2cxYHzcoDFBvtCV6XgZTwl,Bm1734,
0oTHo_HG99nR5tqBGOrC1$,Bm1735,
13SFgArVHA69KwZ2FOCDxg,Bm1738,
1vLUZmYAjDdPycg8OcblMV,Bm1739,
187JxwzSf6lubBHx8HMf26,Bm1747,
3UDRAbIsPBmwfKLYySgzB7,Bm1748,
1FUzc1UGT1mhJJrQCyGiKO,Bm1750,
32lhoWD8n7yQgGdTLwVD_P,Bm1751,
3VpdBqQCn1RQsAldoX5Vx7,Bm2586,
3OHpvTgXHE3AtOD7221mcZ,Bm2587,
1PjvAoAgv8nQLeII9WAWHa,Bm2588,
3wyk6yugL0UuBZ_cRgW5qb,Bm2589,
3RfO4ZUFXFQhtYsk_NRVII,Bm2590,
3$6_v4qAvCHRyFCpSGovNU,Bm2591,
2tIu2RTb55Sh3Zp5iYn42h,Bm2592,
3VwgwW_oL5JxcrSOdkoChj,Bm2593,
1sKU_D6wj0FO$SaV0Mz6A4,Bm2594,
2iRjELRS57uBGtyN3vlFzy,Bm2595,
19m3yOiOzDyvZjBCIsNWcS,Bm3000,
1w_DLJBFTDs8lF3Onl5OMR,Bm3001,
1SQ7Weq9j9283XuC1QLQNC,Bm3002,
3rhIiXSkv61fgsD$Wko4CS,Bm3003,
278QRHDsvEnuBt0WSn5N6H,Bm3004,
0eYQrefEHFyBqM704mt_R4,Bm3005,
3yBodDDRLBGQLWKZ7ch5dZ,Bm3006,
0fRfvbxxf2BOFIZgzEjf8Y,Bm3007,
1tiF7oWFn9aAjuYkwGKt7j,Bm3008,
0EVmOy$3D7aQxUHayR5EgO,Bm3009,
14Cb1Iwt51IviPE8SrRkCb,Bm3010,
35m7MBncr8OgUabe0mx4pI,Bm3011,
1fYnZTIS17ePg9$lAgfOtX,Bm3012,
0ryvlR6k5FgBSi5MjUxcqo,Bm3013,
3lK8Rxk5HBdAY2E5xZ6UbR,Bm3014,
3KYwuCarb1TP8dsOzxrtMi,Bm3015,
3R5V2G7fHBzRrgbZzbJ92P,Bm3016,
1iAgdo4KD4kgSmHu9_qqWZ,Bm3017,
2vb5Fh5YPC6wvxbDHm$KXl,Bm3018,
20XT9vrvLBYe1SMmHx8v2f,Bm3019,
2qLUZwU4jEDutZd9SyoFoM,Bm3020,
1H897UFy1B$xgBfi087ILR,Bm3021,
1oyIejc8b3afaPBz6JYGn_,Bm3022,
0kZHW4XsLC8RbddErOUZhm,Bm3023,
1wtHFJ2vv7ufWRpdQrj3A6,Bm3024,
0PPMZn2_L5Vwu2fbGi4Pc8,Bm3025,
2mX_SxrI1FIB9_N5HkZhUf,Bm3026,
0Vdy$ygq96rRr7A1r2RgZX,Bm3027,
1qKsQgdPv3R8zMLw7hITXp,Bm3028,
3n4$9IS7P9vxf79l2UAHrW,Bm3029,
1c1rASIBXBAA9U$L6r2L5r,Bm3030,
1bMKVr7hj3vwORccDROc3T,Bm3031,
1FTJ02H$j9_fyI$W9xStXP,Bm3032,
3loQu8Z4H8Ze_OCGT0biKM,Bm3033,
0TQ50QyP5EFu2jY37ihJX7,Bm3034,
0rfxbmwUf4sQuh2R_Xxc8R,Bm3035,
2GatNY7PvA5fPN9JRHOkRJ,Bm3036,
14cTKYSqX2PQ2M2ZFxCkkY,Bm3037,
1IuySc1bzBEhbFzzMaJkp1,Bm3038,
1VS3tJew5DRxmSAiSOjAkh,Bm3039,
3DcbXG8Dz7WeWqh8Q$qCmI,Bm3040,
3Xvm2mzlv9UvpN3eDCZaQl,Bm3041,
0WIx9uxivBdvSofo6XvAmf,Bm3042,
2BDumAq5n0AxQP1$ko2BLL,Bm3043,
2VIBj2VeP6K97EPnrqY1S9,Bm3044,
3dqhOyGLXBAxbxwGErF0SC,Bm3045,
0YPY$JCKr8WgIZBUQPJf4u,Bm3046,
3iQuM5OZXFdxFs0i0hnw46,Bm3047,
0boVws7ubEmRyKH6_I60Yd,Bm3048,
31U1OKrBH5jfBG2xwAeX4U,Bm3049,
2_K8_sZ2b6wegAznrQuUse,Bm3050,
00kseFsYDCxPGESbAnRmqL,Bm3051,
1Tb70GlATE4RUYIxX7CdPX,Bm3052,
0LDvs64z1EA8EGpzMMiiik,Bm3053,
2ZJUesfpj6LgDJUd$9sVGd,Bm3054,
18x8aceM5D9w4TROCuFc$W,Bm3055,
02_RQ8wW553QtIOAydg2az,Bm3056,
0l3rO4ZlT1NRpzafoBOLfZ,Bm3057,
3ZTu_eLXD9zO6xDYZzdFPu,Bm3058,
2iy41J9$L4ahVTVddz5lMe,Bm3059,
2bdtpvf3r638BEpNkjsoa5,Bm3060,
0JpTpnifL9A8P$3fiaLK9T,Bm3061,
0pOM78lLv0VO8K0kSPsqAE,Bm3062,
1RhCcqZGP8Ex1cLOJ43fsg,Bm3063,
1eSjEMac18ggd9BtxUpns_,Bm3064,
0eu8mVk4P7lOUyQhpnrZ5i,Bm3065,
3py9LUufnApQRSTtcWnHsV,Bm3066,
3wiAc_TKr79AlBjTXK7yGQ,Bm3067,
0WoD8QnS9BIQ8BGV0WCSO3,Bm3068,
1s_0kLIc1DXwhp1QlGuSFO,Bm3069,
200JOO$WfF7hkLupmd_3Me,Bm3070,
046KSVFuPAMhvfgsY5NfJ4,Bm3071,
0dY$2ryO188vJD0fTkgQpP,Bm3072,
0noVvtt5r7dhm5QOmJh5CY,Bm3073,
0JBXEK1KP3qvDXPap96cV9,Bm3074,
2_nHDPBjLCwe1E5aUzro5x,Bm3075,
0TVnSJ4aDFpggWxhrYxUjq,Bm3076,
0L93286TX5gOUXoIwyR3We,Bm3077,
25i4haVIb4ZxY4oer0uMP0,Bm3078,
08qJrvKSHC6PpnS_E9Z_JX,Bm683,
0JTqRQbML3HxLNs5ZtKMkX,Bm684,
2Sb6Z1LUHBoweQRr2FO6N8,Bm685,
3ajvMIScz4UA0Oo_220N3F,Bm686,
2cPKM7lOT84PlBz2gsTtpB,Bm687,
0yMfi$YWX5P82j8RPtRaoJ,Bm688,
3esEvkSnX7pv9Ss$i0D2fs,Bm691,
290zAjyRD5qOapG1$11m22,Bm692,
3tYC1yzg14qxajQpPsdaUm,Bm694,
0rxl7G5Cv97wfNUjgvAhOF,Bm695,
0jbbWAqVr3fhJtlfdRH9RU,Bm696,
3KgG1na9D0v9wr2ys5zTY5,Bm697,
1GQLbKMT9CkAwjB8QKEBuF,Bm698,
0WPrpqT3n6DOtYiQ1lWA06,Bm699,
3IBcsRijnCJftKcVhQAPXk,Bm700,
3vkBiaRZv4V9rZqksLmh$1,Bm701,
0zoqSCq$X4ahshNYmMikT6,Bm702,
1aL3K53Rf0W8RbgqlwfMx2,Bm703,
05nNWQ8ijDCOcikQtKMTeM,Bm704,
003th3_kTBgAthfyLmsO0W,Bm705,
1HNVb0YBj009F1SDa61K5L,Bm885,
3IiyZ3GwX6mBNiByK2E3UQ,Bm886,
23ZqBTNTD6tw93lCN1tw9F,Bm887,
25AqXCmRb7ff1l1NY5G1nP,Bm888,
2Z466E_dr0zAyWViZXkoo$,Bm889,
3OsOob0Lb8lwBpl1JSX9VC,Bm890,
0X4U$qriDC7w7ZV_JQL3Ts,Bm891,
1XiComZbfDXhqwAOcB2hWV,Bm895,
0G$1BWfEP8MPLD2bEvATro,Bm92,
0_VVqF5_55QfKhvwpsxcdA,Bm93,
01OqB_Dpn7iBkUjyiiUXad,Bm94,
3GKSt0bJT1Lue_e4RlO_pk,Bm1187,
09kRGoM5bD8h5hUShKspEw,Bm1245,
0v7Ep9GkbBnuMn6c_8GtLn,Bm1249,
2_6CijAeb9jRzU1Pth828a,Bm12590,
3B_N2GTuvDIBs7nDJWfuZq,Bm12594,
0sYldtAHn90u9uT8ANLSiq,Bm12596,
2ofMHb0TvANvVElxv1MMDT,Bm12845,
2M6gloCxDDpRHY_V7vWnGu,Bm12847,
2$7RcIPXn6$vOpB9CaoQTJ,Bm12850,
18C5DdOnT2u9sW9$refqyp,Bm12851,
3EgbwCEeT1lPc2y6Cxx$kV,Bm12853,
1i0ir$vO90G8Dso25Bn8kz,Bm12855,
38FObt4f92nQq8jTobrtug,Bm12867,
2xVYncA455_uthqjxKBZqk,Bm12874,
20ns8eQqb6Se2pC5y_U2GE,Bm12875,
2tUnLokzjF6h6wRpvSP78T,Bm12876,
0BRrqXLoD5LA6fTyNuYSEH,Bm12877,
0bWa_1hA9CvutjeAD21PIl,Bm12878,
1E6QaYqtrBwB4vOEhdzuA2,Bm12880,
1PLfH3WOzCoQ0r46Vq9fpU,Bm12883,
3O8YFs6xHB$xSGmtzkT$3G,Bm12886,
28kxAjdpX1lw2q7km2E8Sb,Bm12887,
3sYtu0w2H4_Rl6xd$HGMs5,Bm12889,
0ofvRqXPjBYRnoHspxJn9m,Bm12890,
2lFj6FTgH0$8egTGsKeJDI,Bm12892,
1gBoq4VdrBqB1EdCIuWyrl,Bm12894,
2sTy5ynKT2oQCpoLbzN24a,Bm12896,
2Xh20SSU9EPuoDUg6HbV97,Bm12902,
3KdMPsC3520QebBBIpG3Vz,Bm12905,
1mEwIhAv543QNvFGiZ6n$g,Bm12907,
0mKB00zzD6m9_Rkjnb4Ix$,Bm12915,
2m0HnD$jzElhaoVJxUvr0u,Bm12916,
16I8kdkYH52QJihb8EdHuT,Bm12917,
3uqE94gkT0IwYZQPJXcME9,Bm12918,
2yIx_q$of7hRbMel5z64x7,Bm12919,
2K1g7bQXv8D9BUCYAWh6Q0,Bm12920,
1UTGzM7vrCweClNZuyrkBz,Bm12921,
04MzkyFm14_QL0DOU6AW7D,Bm12923,
0vppsIuyDCsBV0IV2zoz9s,Bm12931,
07eu4HszbE59l_5Xzwtchd,Bm12932,
19GMGIkA56$g4WXQCx2VuD,Bm12933,
3hsISDqu53$xJv5Bu7X8er,Bm12934,
0iVE$z8WX3RO3wjUYD7dN6,Bm12935,
29BaBCniX53xJgbU7XP$_5,Bm12936,
0u2Ox$ixX7Mwj9gVf9m5bi,Bm12937,
0wg0kW9OTEPgQQw8vV5rsu,Bm1396,
2nEGFG$Nr15wIPoKGAkCtt,Bm1407,
2B$5UcqpzA_AFlyIzZX_QQ,Bm1489,
3QDGPapqTA6PdNCTxzgGow,Bm1764,
2AtdVUuBL6PPSNQJKm_cB$,Bm1867,
0Vzf3$SPX7YAt$GFkuVwd_,Bm621,
0aCnej_jv2KumDkyJ0c4b6,Bm623,
1Bc1lTXdb79vJMML6k3d25,Bm624,
0WrrrMkl54_w2onxLieEPG,Bm625,
1vjS9gxFD4kxLswMRVn8Rd,Bm626,
1cP$XSxrDB0uXwNoxOqW9$,Bm627,
2m3SzPJHj0B8xH8rISYD0y,Bm628,
0oj75G1_14wBxoQxmh7XvJ,Bm629,
2gY5UR6J56exhja0FNmzbW,Bm630,
0ba9EX4tzA99ckeA6E5fmW,Bm667,
17DSc7rtH9ZO11Zuy6iOTp,Bm721,
1JO1_InzDD1eEoJxNUj150,Bm732,
1fVXa5N2rFm8vl5ULxQQhg,Bm734,
3ZUSk$_OT3ehnfdgscW20y,Bm735,
1lg0tY2Iv0nPVfaSwt9xds,Bm736,
05DIYkS9HFThRmh0kel7TK,Bm737,
0Hm9xqGSDAqAHoCxWlxP0$,Bm738,
2CIJfOaAv35AOwJbA91TNW,Bm742,
025CXAhdv72QxSUThUNjlb,Bm743,
3WQplXcgr6LxpMhL3P_tvc,Bm786,
0gz4MjaoT589ugerJniEpt,Bm790,
3myq4KgqL0MQwPWaOPM2Dx,Bm791,
15_ZTnNkPCQAAG79CeBsbb,Bm792,
04jsVBfw12CwKaSsWsdqqv,Bm793,
18ExvSSe95C8IQCGqGUKnG,Bm794,
1l13WlNOz9xuHIBarvu30X,Bm796,
34II8m3H9FEAYstoU4c6KV,Bm798,
16lwHX9IT8svvfso37ZgDB,Bm799,
2z8C915szF599k69KxG_xC,Bm802,
3nrCDO6Lf5LRNS3aj0lQ85,Bm804,
2mUqWqcprEyQ8CvdPeJz2t,Bm806,
2AXFdk4nz3l9ZbHazHmm3s,Bm807,
29$4ksGTbAAhcGGh7LT0eU,Bm2596,
1nXEwOFTb6FPT_wzFY0GeK,Bm2597,
3REnqjynP7lvZrT4WN2fzm,Bm2598,
3T0enasFn1JuMEilbhXJP6,Bm2599,
0l38ztRHvEO8DS$ESgRU2G,Bm2600,
1XLynMn4nDQgdw6Qsuxmav,Bm2601,
3smEV$EM93NO$mh_mxQ5kD,Bm2602,
3idVP6$vr18u__yrb7lfRG,Bm2603,
331xwzQ1v2bueHnEsSlC8d,Bm2604,
1Nk147Hgj04wRhsqXSkhgh,Bm2605,
3gAFxC5zrCix_tn9KFl5Mo,Bm3081,
